customer_state,Revenue
SP,5769081.269999902
RJ,2055690.4499999913
MG,1819277.61000001
RS,861608.3999999964
PR,781919.5499999981
SC,595208.4000000015
BA,591270.6000000015
DF,346146.17000000004
GO,334294.2200000007
ES,317682.65000000066
